{
  "Type": NaN,
  "Name": "Aggregated",
  "Request Count": 43,
  "Failure Count": 43,
  "Median Response Time": 4089.093499998853,
  "Average Response Time": 4055.578193023224,
  "Min Response Time": 4025.492900000245,
  "Max Response Time": 4089.093499998853,
  "Average Content Size": 0.0,
  "Requests/s": 1.4969981362544575,
  "Failures/s": 1.4969981362544575,
  "50%": 4100,
  "66%": 4100,
  "75%": 4100,
  "80%": 4100,
  "90%": 4100,
  "95%": 4100,
  "98%": 4100,
  "99%": 4100,
  "99.9%": 4100,
  "99.99%": 4100,
  "100%": 4100
}