Type,Name,Request Count,Failure Count,Median Response Time,Average Response Time,Min Response Time,Max Response Time,Average Content Size,Requests/s,Failures/s,50%,66%,75%,80%,90%,95%,98%,99%,99.9%,99.99%,100%
POST,/api/w/True/jobs/run/f/admin/einstein_kids/inbound_webhook,43,43,4089.093499998853,4055.5781930232242,4025.492900000245,4089.093499998853,0.0,1.4969981362544575,1.4969981362544575,4100,4100,4100,4100,4100,4100,4100,4100,4100,4100,4100
,Aggregated,43,43,4089.093499998853,4055.5781930232242,4025.492900000245,4089.093499998853,0.0,1.4969981362544575,1.4969981362544575,4100,4100,4100,4100,4100,4100,4100,4100,4100,4100,4100
